F-1,10-KT
F-2,10-KT/A
F-3,"10-Q, 10-Q/A"
F-4,"10-QT, 10-QT/A"
F-5,"11-K, 11-K/A"
F-6,"11-KT, 11-KT/A"
F-7,"13F-HR, 13F-HR/A"
F-8,"13F-NT, 13F-NT/A"
F-9,"13H, 13H-Q, 13H-A, 13H-I, 13H-R, 13H-T"
F-10,"144, 144/A"
F-11,"15-12B, 15-12B/A"
F-12,"15-12G, 15-12G/A"
F-13,"15-15D, 15-15D/A"
F-14,"15F-12G, 15F-12G/A"
F-15,"15F-15D, 15F-15D/A"
F-16,"18-K, 18-K/A"
F-17,"20-F, 20-F/A"
F-18,"20FR12B, 20FR12B/A"
F-19,"20FR12G, 20FR12G/A"
F-20,"24F-2NT, 24F-2NT/A"
F-21,"25, 25/A"
F-22,"25-NSE, 25-NSE/A"
F-23,"3, 3/A"
F-24,"305B2, 305B2/A"
F-25,"4, 4/A"
F-26,"40-6B, 40-6B/A"
F-27,40-17F2
F-28,40-17F2/A
F-29,40-17G
F-30,40-17G/A
F-31,40-202A/A
F-32,40-206A/A
F-33,40-24B2
F-34,40-24B2/A
F-35,40-33
F-36,40-6B
F-37,40-6B/A
F-38,40-6C
F-39,40-6C/A
F-40,40-8B25
F-41,40-8F-2
F-42,40-APP
F-43,40-APP/A
F-44,40-F
F-45,40-F/A
F-46,40-OIP
F-47,40-OIP/A
F-48,40FR12B
F-49,40FR12B/A
F-50,40FR12G
F-51,40FR12G/A
F-52,424A
F-53,424B1
F-54,424B2
F-55,424B3
F-56,424B4
F-57,424B5
F-58,424B7
F-59,424B8
F-60,425
F-61,485APOS
F-62,485BPOS
F-63,485BXT
F-64,486APOS
F-65,486BPOS
F-66,487
F-67,497
F-68,497AD
F-69,497H2
F-70,497J
F-71,497K1
F-72,497K2
F-73,497K3A
F-74,497K3B
F-75,5
F-76,5/A
F-77,6-K
F-78,6-K/A
F-79,8-A12B
F-80,8-A12B/A
F-81,8-A12G
F-82,8-A12G/A
F-83,8-K
F-84,8-K/A
F-85,8-K12B
F-86,8-K12B/A
F-87,8-K12G3
F-88,8-K12G3/A
F-89,8-K15D5
F-90,8-M
F-91,9-M
F-92,ADN-MTL
F-93,ADV-E
F-94,ADV-H-C
F-95,ADV-H-T
F-96,ADV-NR
F-97,ANNLRPT
F-98,APP WD
F-99,ARS
F-100,ARS/A
F-101,AW
F-102,AW WD
F-103,CB
F-104,CB/A
F-105,CERTAMX
F-106,CERTNAS
F-107,CERTNYS
F-108,CERTPAC
F-109,CORRESP
F-110,CT ORDER
F-111,D
F-112,D/A
F-113,DEF 14A
F-114,DEF 14C
F-115,DEFA14C
F-116,DEFC14A
F-117,DEFC14C
F-118,DEFM14A
F-119,DEFM14C
F-120,DEFN14A
F-121,DEFR14A
F-122,DEFR14C
F-123,DEL AM
F-124,DFAN14A
F-125,DFRN14A
F-126,DSTRBRPT
F-127,EFFECT
F-128,F-1
F-129,F-1/A
F-130,F-10
F-131,F-10/A
F-132,F-10EF
F-133,F-10POS
F-134,F-1MEF
F-135,F-3
F-136,F-3/A
F-137,F-3ASR
F-138,F-3D
F-139,F-3DPOS
F-140,F-4
F-141,F-4 POS
F-142,F-4/A
F-143,F-6
F-144,F-6 POS
F-145,F-6/A
F-146,F-6EF
F-147,F-7
F-148,F-7 POS
F-149,F-7/A
F-150,F-8
F-151,F-8/A
F-152,F-80
F-153,F-9
F-154,F-9/A
F-155,F-N
F-156,F-X
F-157,F-X/A
F-158,FOCUSN
F-159,FOCUSN/A
F-160,FWP
F-161,G-405
F-162,G-405N
F-163,G-FIN
F-164,G-FIN/A
F-165,MSD
F-166,MSD/A
F-167,MSDW
F-168,N-14
F-169,N-14 8C
F-170,N-14 8C/A
F-171,N-14/A
F-172,N-14AE
F-173,N-14AE/A
F-174,N-18F1
F-175,N-18F1/A
F-176,N-1A
F-177,N-1A/A
F-178,N-2
F-179,N-2/A
F-180,N-23C-2
F-181,N-23C-2/A
F-182,N-23C3A
F-183,N-23C3A/A
F-184,N-23C3B
F-185,N-23C3C
F-186,N-23C3C/A
F-187,N-2MEF
F-188,N-3
F-189,N-30B-2
F-190,N-30D
F-191,N-30D/A
F-192,N-4
F-193,N-4/A
F-194,N-54A
F-195,N-54C
F-196,N-54C/A
F-197,N-6
F-198,N-6/A
F-199,N-6F
F-200,N-8A
F-201,N-8A/A
F-202,N-8B-2
F-203,N-8B-2/A
F-204,N-8F
F-205,N-8F/A
F-206,N-CSR
F-207,N-CSR/A
F-208,N-CSRS
F-209,N-CSRS/A
F-210,N-MFP
F-211,N-PX
F-212,N-PX/A
F-213,N-Q
F-214,N-Q/A
F-215,NO ACT
F-216,NSAR-A
F-217,NSAR-A/A
F-218,NSAR-AT
F-219,NSAR-B
F-220,NSAR-B/A
F-221,NSAR-BT
F-222,NSAR-BT/A
F-223,NSAR-U
F-224,NSAR-U/A
F-225,NT 10-K
F-226,NT 10-K/A
F-227,NT 10-Q
F-228,NT 10-Q/A
F-229,NT 11-K
F-230,NT 15D2
F-231,NT 20-F
F-232,NT 20-F/A
F-233,NT-NCSR
F-234,NT-NCSR/A
F-235,NT-NSAR
F-236,NT-NSAR/A
F-237,NTFNCSR
F-238,NTFNSAR
F-239,NTN 10K
F-240,NTN 10Q
F-241,NTN 20F
F-242,POS 8C
F-243,POS AM
F-244,POS AMI
F-245,POS EX
F-246,POS462B
F-247,POS462C
F-248,POSASR
F-249,PRE 14A
F-250,PRE 14C
F-251,PREC14A
F-252,PREC14C
F-253,PREM14A
F-254,PREM14C
F-255,PREN14A
F-256,PRER14A
F-257,PRER14C
F-258,PRRN14A
F-259,PX14A6G
F-260,PX14A6N
F-261,QRTLYRPT
F-262,REG-NR
F-263,REGDEX
F-264,REGDEX/A
F-265,RW
F-266,RW WD
F-267,S-1
F-268,S-1/A
F-269,S-11
F-270,S-11/A
F-271,S-11MEF
F-272,S-1MEF
F-273,S-3
F-274,S-3/A
F-275,S-3ASR
F-276,S-3D
F-277,S-3DPOS
F-278,S-3MEF
F-279,S-4
F-280,S-4 POS
F-281,S-4/A
F-282,S-4EF
F-283,S-4EF/A
F-284,S-4MEF
F-285,S-6
F-286,S-6/A
F-287,S-8
F-288,S-8 POS
F-289,S-B
F-290,S-B/A
F-291,S-BMEF
F-292,SB-1
F-293,SB-1/A
F-294,SB-2
F-295,SB-2/A
F-296,SB-2MEF
F-297,SC 13D
F-298,SC 13D/A
F-299,SC 13E3
F-300,SC 13E3/A
F-301,SC 13G
F-302,SC 13G/A
F-303,SC 14D9
F-304,SC 14D9/A
F-305,SC 14F1
F-306,SC 14F1/A
F-307,SC TO-C
F-308,SC TO-I
F-309,SC TO-I/A
F-310,SC TO-T
F-311,SC TO-T/A
F-312,SC13E4F
F-313,SC13E4F/A
F-314,SC14D1F
F-315,SC14D1F/A
F-316,SC14D9C
F-317,SC14D9F
F-318,SC14D9F/A
F-319,SE
F-320,SP 15D2
F-321,SUPPL
F-322,T-3
F-323,T-3/A
F-324,TA-1
F-325,TA-1/A
F-326,TA-2
F-327,TA-2/A
F-328,TA-W
F-329,TTW
F-330,UNDER
F-331,UPLOAD
F-332,WDL-REQ
F-333,X-17A-5
F-334,X-17A-5/A
